1,加油,3129
2,希望,1085
3,好消息,1055
4,太好了,648
5,中国,640
6,武汉,500
7,口罩,454
8,疫情,416
9,真的,402
10,患者,391
11,血浆,345
12,抗体,316
13,越来越,305
14,国家,286
15,治疗,272
16,病毒,268
17,好转,261
18,人民,245
19,治愈,232
20,感谢,202
21,终于,200
22,坚强,199
23,快点,185
24,消息,183
25,好好,175
26,康复,167
27,康复者,156
28,新冠,155
29,生产,154
30,全国,149
31,辛苦,145
32,祖国,133
33,抱抱,125
34,病人,125
35,湖北,123
36,河南,123
37,平安,120
38,肺炎,118
39,捐献,118
40,速度,117
41,保重,111
42,医生,106
43,献血,105
44,领导,104
45,一线,104
46,身体,102
47,方法,102
48,早日康复,100
49,买不到,98
50,血液,97
51,谢谢,97
52,血清,95
53,医院,92
54,明天,91
55,保护,91
56,这是,90
57,感觉,89
58,致敬,89
59,感染,89
60,中医,87
61,努力,86
62,临床,86
63,太棒了,86
64,期待,84
65,转发,84
66,中药,82
67,很快,82
68,微博,81
69,厉害,81
70,老百姓,80
71,疫苗,79
72,只能,78
73,政府,76
74,在家,75
75,情况,75
76,结束,73
77,医护人员,73
78,经济,73
79,安慰,72
80,关注,72
81,工作,71
82,战胜,70
83,曙光,70
84,办法,67
85,同胞,67
86,几个,65
87,电影,65
88,安徽,64
89,市场,63
90,几天,62
91,力量,62
92,救治,62
93,控制,60
94,必胜,60
95,人员,60
96,9g,60
97,生活,59
98,健康,59
99,新闻,59
100,时间,59
101,英雄,59
102,早点,58
103,出院,58
104,防护,57
105,消毒,57
106,赶紧,57
107,听到,57
108,有人,56
109,有用,56
110,老公,55
111,地方,55
112,绝望,53
113,湖北省,52
114,体内,52
115,这场,51
116,祝福,51
117,面对,50
118,发生,50
119,春天,50
120,朋友,50
121,照顾,49
122,特效药,49
123,好像,49
124,医疗,48
125,上海,48
126,出门,47
127,10,47
128,接受,46
129,休息,46
130,支援,46
131,2020,46
132,救人,46
133,医护,46
134,隔离,45
135,付出,45
136,数据,45
137,生物,45
138,胜利,44
139,民族,44
140,可怕,44
141,特免,44
142,传播,43
143,支持,43
144,恐慌,43
145,药物,43
146,啊啊啊,43
147,妈妈,42
148,团队,42
149,动物,42
150,书记,41
151,印钞机,41
152,流感,41
153,事情,40
154,一幅,40
155,每家,40
156,透明,40
157,点赞,40
158,永远,40
159,觉醒,40
160,痊愈,40
161,企业,39
162,祈祷,39
163,回家,39
164,专家,39
165,工作人员,39
166,有没有,39
167,亲人,38
168,感恩,38
169,人类,38
170,确诊,38
171,社会,38
172,第一,38
173,打狗,38
174,病患,37
175,算是,37
176,多人,36
177,不行,36
178,珍惜,36
179,挺住,36
180,一条,36
181,收治,36
182,一场,36
183,能量,36
184,国泰君安,36
185,信心,36
186,早日,36
187,重点,35
188,帮不上,35
189,打赢,35
190,14,35
191,生命,35
192,重症,35
193,机器,35
194,道德,35
195,绑架,35
196,重磅,35
197,春暖花开,34
198,报道,34
199,科研,34
200,免疫,34
201,心情,33
202,心疼,33
203,拥抱,33
204,效果,33
205,更好,33
206,配合,33
207,病例,33
208,无菌,33
209,科技,33
210,开心,33
211,危重,33
212,危重病,33
213,激动,33
214,治愈率,32
215,慢慢,32
216,12,32
217,一种,32
218,记得,32
219,检测,32
220,视频,32
221,蝙蝠,32
222,看着,32
223,上班,32
224,打死,32
225,采集,32
226,放弃,31
227,本来,31
228,恐惧,31
229,发布,31
230,醒来,31
231,中央,30
232,好多,30
233,乐观,30
234,免疫力,30
235,估计,30
236,疑似,30
237,宏观,30
238,卧槽,30
239,未来,29
240,灾难,29
241,安好,29
242,亿人,29
243,院士,29
244,自然,29
245,sars,29
246,复制,29
247,东西,29
248,单位,29
249,西医,29
250,振奋人心,29
251,投入,29
252,制品,29
253,人民日报,29
254,快速,28
255,人才,28
256,确实,28
257,自救,28
258,数字,28
259,医用,28
260,科学,28
261,预测,28
262,迄今为止,28
263,有救,28
264,想起,28
265,球蛋白,28
266,多点,28
267,推广,28
268,疗效,27
269,人会,27
270,开学,27
271,建议,27
272,过程,27
273,此刻,27
274,社区,27
275,真棒,27
276,想到,26
277,武汉市,26
278,普通人,26
279,做事,26
280,不用,26
281,求求,26
282,有个,26
283,太好,26
284,身边,25
285,前期,25
286,24,25
287,免费,25
288,一分钱,25
289,症状,25
290,事件,25
291,6g,25
292,防控,24
293,平平安安,24
294,害怕,24
295,医务人员,24
296,到位,24
297,凯旋,24
298,家人,24
299,白衣天使,24
300,全球,24
301,多个,24
302,人体,24
303,健康人,24
304,培养,24
305,天大,24
306,胜利在望,24
307,研究,24
308,参加,24
309,恢复,23
310,理解,23
311,痛苦,23
312,心态,23
313,病死率,23
314,一把手,23
315,机关,23
316,病情,23
317,天天,23
318,真实,23
319,人数,23
320,世界,23
321,供给,23
322,科研人员,23
323,后期,23
324,呼吁,23
325,传染,23
326,用于,23
327,技术,23
328,采用,23
329,快快,23
330,物资,22
331,省市,22
332,阿弥陀佛,22
333,大部分,22
334,很棒,22
335,解除,22
336,多一点,22
337,13,22
338,治病,22
339,核酸,22
340,杀灭,22
341,温州,22
342,基层干部,22
343,提取,22
344,好事,22
345,危重症,22
346,特效,22
347,郑州,22
348,防疫,21
349,相关,21
350,实在,21
351,公公,21
352,骄傲,21
353,每次,21
354,告诉,21
355,迎来,21
356,太不容易,21
357,旌旗,21
358,扬起,21
359,小时,21
360,太開心,21
361,春节,21
362,自信,21
363,找到,21
364,明显好转,21
365,解药,21
366,伸出,21
367,酒店,20
368,活着,20
369,现实,20
370,两个,20
371,发起,20
372,活动,20
373,国旗,20
374,56,20
375,集体,20
376,参考,20
377,1999,20
378,邮票,20
379,大版,20
380,版图,20
381,报刊,20
382,杂志,20
383,出一版,20
384,展现,20
385,仪式,20
386,激励,20
387,阻击战,20
388,一块,20
389,昨天,20
390,通知,20
391,药店,20
392,六块,20
393,路上,20
394,疗法,20
395,第一个,20
396,专业,20
397,情人节,20
398,贡献,20
399,国泰民安,20
400,包括,20
401,河南省,20
402,省长,19
403,官员,19
404,超过,19
405,几千个,19
406,重样,19
407,搭配,19
408,三餐,19
409,开除,19
410,700,19
411,监督,19
412,跟风,19
413,起哄,19
414,添乱,19
415,牺牲,19
416,请问,19
417,援助,19
418,中招,19
419,悲观,18
420,人生,18
421,日子,18
422,毛主席,18
423,批评,18
424,变得,18
425,医学,18
426,生日,18
427,病毒感染,18
428,公开,18
429,说实话,18
430,哥哥,18
431,指标,18
432,比例,18
433,一份,18
434,制度,18
435,造谣,18
436,骨折,18
437,显得,17
438,苍白无力,17
439,顺利,17
440,困难,17
441,家庭,17
442,度过,17
443,不幸,17
444,影响,17
445,健健康康,17
446,封城,17
447,调整,17
448,黑暗,17
449,工作者,17
450,不值钱,17
451,强大,17
452,所有人,17
453,警察,17
454,防护服,17
455,环境,17
456,不到,17
457,孩子,17
458,捐赠,17
459,汤剂,17
460,没什么,17
461,拒绝,17
462,挽救,17
463,家属,17
464,村口,17
465,行走,17
466,成功,17
467,免疫系统,17
468,方式,17
469,刚看,17
470,道理,17
471,至少,17
472,降低,17
473,体征,17
474,清除,17
475,循环,17
476,拯救,17
477,杀死,17
478,自愿,17
479,这才,17
480,回复,17
481,莱士,17
482,双黄连,17
483,有限,17
484,救命,17
485,晚上,17
486,井盖,17
487,子女,16
488,一位,16
489,照进,16
490,难过,16
491,那种,16
492,爸爸,16
493,唯一,16
494,回馈,16
495,回来,16
496,最终,16
497,市长,16
498,终将,16
499,冠状病毒,16
500,媒体,16
501,蚊子,16
502,体验,16
503,解决问题,16
504,广发,16
505,科普,16
506,价格,16
507,生产线,16
508,一次性,16
509,相当于,16
510,平民,16
511,人工,16
512,肯定,16
513,乱跑,16
514,可怜,16
515,泪流满面,16
516,反转,16
517,提出,16
518,介入,16
519,玩意儿,16
520,管用,16
521,活活,16
522,拜托,16
523,城市,16
524,倡议,16
525,走出,16
526,奋斗,16
527,用命,16
528,火锅,16
529,奶茶,16
530,救救,16
531,协和,16
532,非典,16
533,恶意,16
534,这么久,16
535,只求,16
536,不太懂,16
537,不错,16
538,公平,16
539,辟谣,16
540,领导班子,16
541,ICU,15
542,观察,15
543,信息,15
544,老人,15
545,活下去,15
546,难关,15
547,卫健委,15
548,南无,15
549,遗忘,15
550,陷入,15
551,换帅,15
552,护士,15
553,发现,15
554,发展,15
555,条件,15
556,一系列,15
557,经验,15
558,15,15
559,两眼,15
560,车间,15
561,商家,15
562,解决,15
563,做梦,15
564,增强,15
565,带动,15
566,早就,15
567,官方,15
568,东北,15
569,部门,14
570,大规模,14
571,无力,14
572,依然,14
573,太难,14
574,彩虹,14
575,心酸,14
576,科学家,14
577,记录,14
578,女儿,14
579,患病,14
580,检查,14
581,输血,14
582,捐献者,14
583,瞒报,14
584,北方,14
585,复工,13
586,措施,13
587,文字,13
588,放心,13
589,床位,13
590,野生动物,13
591,全是,13
592,前线,13
593,对得起,13
594,自我,13
595,那天,13
596,到来,13
597,肺部,13
598,应对,12
599,抢救,12
600,祝愿,12
601,人间,12
602,不去,12
603,疫病,12
604,稍微,12
605,纳税人,12
606,天气,12
607,住院,12
608,传染病,12
609,出台,12
610,打败,12
611,相聚,12
612,下降,12
613,我会,12
614,差评,12
615,是非,12
616,大批量,12
617,亲们,12
618,保证,12
619,做点,12
620,骨灰盒,12
621,难受,12
622,予以,12
623,坚持下去,12
624,消失,12
625,温和,12
626,沉默,12
627,李兰娟,12
628,明星,12
629,紧急通知,12
630,作用,12
631,验证,12
632,就行,12
633,抢功,12
634,残忍,12
635,万物,12
636,点亮,12
637,研究生,12
638,扩招,12
639,拼命,12
640,新型,12
641,万众一心,12
642,功能,12
643,细胞,12
644,来临,12
645,奥利,12
646,方案,12
647,SARS,12
648,排异,12
649,社会主义,12
650,中华民族,12
651,垃圾,12
652,否定,12
653,拿来,12
654,研制,12
655,恭喜,12
656,这药,12
657,更多人,12
658,利好,12
659,阿中,12
660,很难,12
661,威武,12
662,缺乏,12
663,前提,12
664,最为,12
665,大幅,12
666,内会,12
667,特异性,12
668,谣言,12
669,绝大多数,12
670,教授,12
671,5000,12
672,当年,12
673,年轻人,12
674,病魔,12
675,维生素,12
676,村民,12
677,捐款,12
678,了不起,12
679,一名,12
680,家里,12
681,天命,12
682,感动,12
683,流泪,12
684,长大,11
685,一生,11
686,振作,11
687,手机,11
688,阳光,11
689,中药方,11
690,90%,11
691,去世,11
692,全靠,11
693,等待,11
694,真心,11
695,一切顺利,11
696,试试,11
697,身上,11
698,刚刚,11
699,不哭,11
700,不让,11
701,神山,11
702,火神,11
703,下台,11
704,需求,11
705,想想,11
706,组织,11
707,程序,11
708,可惜,11
709,合格,11
710,值得,11
711,回去,11
712,赎罪,11
713,大胆,11
714,这下,11
715,统计,11
716,全民,11
717,打压,11
718,专家组,11
719,严控,11
720,能力,11
721,二喜,11
722,幕后,11
723,开工,11
724,跟不上,11
725,人民币,11
726,广东省,11
727,卖到,11
728,查查,11
729,出厂,11
730,国难当头,11
731,过错,11
732,设备,11
733,扩充,11
734,自费,11
735,医务,11
736,水平,11
737,妈呀,11
738,高价,11
739,奇怪,11
740,宝贝,11
741,采访,11
742,当初,11
743,一句,11
744,期间,11
745,酵素,11
746,一人,11
747,方子,11
748,确切,11
749,接近,11
750,自隔离,11
751,悲天悯人,11
752,恩赐,11
753,肿瘤医院,11
754,临时,11
755,征用,11
756,口述,11
757,投桃报李,11
758,疲惫,11
759,救死扶伤,11
760,称号,11
761,假装,11
762,云淡风轻,11
763,教训,11
764,女孩,11
765,家里人,11
766,恶战,11
767,拿枪,11
768,万不得已,11
769,背后,11
770,不战而胜,11
771,高考,11
772,诚不欺,11
773,清理,11
774,多种,11
775,找出,11
776,良方,11
777,解释,11
778,家门,11
779,吓人,11
780,心安,11
781,批量生产,11
782,好事儿,11
783,回报,11
784,拐点,11
785,韩国,11
786,代表,11
787,恢复正常,11
788,尝试,11
789,情节,11
790,真想,11
791,外国人,11
792,党中央,11
793,最早,11
794,儿子,11
795,提前,11
796,破坏,11
797,给力,11
798,英明,11
799,主动,11
800,救人一命,11
801,庆幸,11
802,真好,11
803,中有,11
804,黎明,11
805,数量,11
806,实验,11
807,永嘉,11
808,单克隆,11
809,这方面,11
810,做好,11
811,提醒,11
812,小区,11
813,父母辈,10
814,大院里,10
815,儿时,10
816,玩伴,10
817,病危,10
818,无能为力,10
819,节俭,10
820,孤零零,10
821,感同身受,10
822,咸宁,10
823,千言万语,10
824,过后,10
825,选择,10
826,情绪,10
827,充足,10
828,温暖,10
829,度过难关,10
830,战争,10
831,伤心,10
832,错误,10
833,抗疫,10
834,古代,10
835,幸运,10
836,深圳,10
837,疾控中心,10
838,真不容易,10
839,留言,10
840,鼓励,10
841,暂时,10
842,事实,10
843,同舟共济,10
844,病亡,10
845,传人,10
846,地球,10
847,承担,10
848,中旬,10
849,整理,10
850,战略,10
851,技术咨询,10
852,小组,10
853,柳叶刀,10
854,要点,10
855,不住,10
856,别吵,10
857,和平相处,10
858,关键,10
859,坐标,10
860,简单,10
861,快到,10
862,知识,10
863,舒适,10
864,厂家,10
865,成本,10
866,缺货,10
867,法国,10
868,N95,10
869,放光,10
870,好玩,10
871,山东,10
872,手套,10
873,好想哭,10
874,太久,10
875,写点,10
876,当作,10
877,纪念,10
878,声音,10
879,下班,10
880,大字,10
881,改成,10
882,不禁,10
883,湿润,10
884,眼眶,10
885,行人,10
886,几辆车,10
887,一切都在,10
888,基础,10
889,保全,10
890,5.8%,10
891,证券,10
892,2018,10
893,年底,10
894,资本,10
895,灰暗,10
896,指出,10
897,糟糕,10
898,增速,10
899,下台阶,10
900,结构,10
901,转型,10
902,2019,10
903,前景,10
904,经贸关系,10
905,缓和,10
906,制造业,10
907,汽车,10
908,电子,10
909,计算机,10
910,通信,10
911,ICT,10
912,周期性,10
913,修复,10
914,同步,10
915,企稳,10
916,呈现,10
917,前低,10
918,特征,10
919,教育,10
920,服用,10
921,表现,10
922,四个,10
923,后遗症,10
924,生化危机,10
925,深知,10
926,星星之火,10
927,燎原,10
928,剩下,10
929,下次,10
930,无敌,10
931,好快,10
932,中心,10
933,繁华,10
934,照片,10
935,爆发,10
936,名字,10
937,剧情,10
938,大片,10
939,以毒攻毒,10
940,牛批,10
941,拨开,10
942,青天,10
943,可行,10
944,坚信,10
945,捐点,10
946,残留,10
947,普及,10
948,太太,10
949,战役,10
950,拒絕,10
951,中南大学,10
952,湘雅医院,10
953,湘雅,10
954,步入正轨,10
955,中西医,10
956,癌症病人,10
957,让给,10
958,这太,10
959,化疗,10
960,一半,10
961,转院,10
962,不收,10
963,投诉无门,10
964,自愈,10
965,坐在,10
966,三排,10
967,工具,10
968,接触,10
969,最全,10
970,精准,10
971,订阅,10
972,扫描,10
973,图中,10
974,葵花,10
975,即可,10
976,查询,10
977,阴性,10
978,复测,10
979,第二次,10
980,CT,10
981,好觉,10
982,想念,10
983,小伙伴,10
984,第十一天,10
985,无怨无悔,10
986,三个,10
987,瘟情,10
988,干部,10
989,体谅,10
990,平常,10
991,光彩,10
992,得不到,10
993,扯皮,10
994,吐口,10
995,能不报,10
996,华北,10
997,在内,10
998,硬核,10
999,升官,10
1000,坐牢,10
1001,任职,10
1002,掐死,10
1003,机场,10
1004,有钱,10
1005,很长,9
1006,面前,9
1007,多多保重,9
1008,过不去,9
1009,自豪,9
1010,内蒙古,9
1011,无能,9
1012,遗臭万年,9
1013,举报,9
1014,主任,9
1015,明白,9
1016,星期,9
1017,动手,9
1018,模式,9
1019,愿望,9
1020,药血,9
1021,做出,9
1022,死亡,9
1023,克服,9
1024,开启,9
1025,第一次,9
1026,堵住,9
1027,执行,9
1028,还给,9
1029,重视,9
1030,信阳,9
1031,能干,9
1032,十二月,9
1033,河北,9
1034,地域,9
1035,分类,8
1036,渺小,8
1037,坚定信心,8
1038,噩梦,8
1039,保佑,8
1040,快乐,8
1041,姑娘,8
1042,缅怀,8
1043,局面,8
1044,心痛,8
1045,状态,8
1046,哪有,8
1047,疫区,8
1048,反复,8
1049,体会,8
1050,家破人亡,8
1051,无效,8
1052,转阴,8
1053,黑龙江,8
1054,快递,8
1055,快好了,8
1056,江夏区,8
1057,江南,8
1058,人吹个,8
1059,德行,8
1060,类似,8
1061,谢谢你们,8
1062,不远,8
1063,挂钩,8
1064,优秀,8
1065,北京,8
1066,冯璐,8
1067,来到,8
1068,事儿,8
1069,村里,8
1070,出不去,8
1071,天灾,8
1072,人祸,8
1073,同意,8
1074,山西,8
1075,漫画,8
1076,陌生人,8
1077,推动,7
1078,11,7
1079,国务院,7
1080,一周,7
1081,无奈,7
1082,阴霾,7
1083,意外,7
1084,好人,7
1085,上帝保佑,7
1086,一丝,7
1087,泪目,7
1088,治好,7
1089,不好,7
1090,全自动,7
1091,啥时候,7
1092,行业,7
1093,改变,7
1094,两天,7
1095,可笑,7
1096,做个,7
1097,翻看,7
1098,前方,7
1099,不远处,7
1100,有理有据,7
1101,天灾人祸,7
1102,大大的,7
1103,转机,7
1104,家园,7
1105,安康,7
1106,多喝水,7
1107,注意安全,7
1108,删掉,7
1109,也许,7
1110,不想,7
1111,尊重,7
1112,注射,7
1113,不信,7
1114,期盼,7
1115,杀人,7
1116,熬过,7
1117,四川,7
1118,悲伤,7
1119,奇迹,7
1120,沈阳,7
1121,指示,6
1122,二字,6
1123,身在,6
1124,前路,6
1125,再难,6
1126,一日三餐,6
1127,动态,6
1128,看清,6
1129,暴风雨,6
1130,矗立,6
1131,身影,6
1132,城里,6
1133,散尽,6
1134,务必,6
1135,只愿,6
1136,打起精神,6
1137,还好,6
1138,无助,6
1139,感受,6
1140,痛心,6
1141,最长,6
1142,答非所问,6
1143,逃避,6
1144,摘帽子,6
1145,马屁,6
1146,几位,6
1147,祸国殃民,6
1148,畜牲,6
1149,山建好,6
1150,王八,6
1151,官在,6
1152,审核,6
1153,害虫,6
1154,人真,6
1155,永不,6
1156,录用,6
1157,回家吧,6
1158,记在,6
1159,耻辱柱,6
1160,大好,6
1161,官腔,6
1162,市民,6
1163,迫切,6
1164,频出,6
1165,讨厌,6
1166,评论,6
1167,抱怨,6
1168,缘由,6
1169,对错,6
1170,瞎说,6
1171,闭上眼睛,6
1172,做不了,6
1173,管好,6
1174,隐瞒,6
1175,昏庸,6
1176,失控,6
1177,无序,6
1178,短缺,6
1179,多乱,6
1180,穿帮,6
1181,总说,6
1182,涨脸,6
1183,落马,6
1184,说换,6
1185,头绪,6
1186,摸索,6
1187,大道,6
1188,前任,6
1189,现任,6
1190,正规,6
1191,接手,6
1192,多方,6
1193,看待,6
1194,失职,6
1195,准确,6
1196,回答,6
1197,大同小异,6
1198,时机,6
1199,不通,6
1200,弥补,6
1201,失望,6
1202,号父,6
1203,入院,6
1204,赞歌,6
1205,之耻,6
1206,一帮,6
1207,官僚,6
1208,工作作风,6
1209,作威作福,6
1210,责任心,6
1211,蔓延,6
1212,混日子,6
1213,气疯,6
1214,苦难,6
1215,归来,6
1216,高于,6
1217,传染性,6
1218,很强,6
1219,隐蔽性,6
1220,寄希望于,6
1221,抑制作用,6
1222,疼医,6
1223,传染源,6
1224,严厉,6
1225,禁止,6
1226,交易,6
1227,法案,6
1228,加把劲,6
1229,白费,6
1230,针对性,6
1231,深挖,6
1232,华南,6
1233,海鲜,6
1234,抑制,6
1235,实力派,6
1236,这刀,6
1237,那刀,6
1238,废刀,6
1239,考验,6
1240,基因工程,6
1241,事实证明,6
1242,很差,6
1243,一分钟,6
1244,爱国爱家,6
1245,三五,6
1246,好友,6
1247,警官,6
1248,精品,6
1249,相约,6
1250,风月,6
1251,同天,6
1252,吾辈,6
1253,当自强,6
1254,莫名其妙,6
1255,疑似病例,6
1256,医学观察,6
1257,第二天,6
1258,病愈,6
1259,如果说,6
1260,截止,6
1261,蒙头,6
1262,大哭,6
1263,开端,6
1264,人连个,6
1265,没过,6
1266,长辞,6
1267,20,6
1268,别整,6
1269,黑心钱,6
1270,别搞,6
1271,胎里,6
1272,害人害己,6
1273,囤货,6
1274,普通型,6
1275,不缺,6
1276,95,6
1277,型号,6
1278,不戴,6
1279,完会,6
1280,包装,6
1281,有种,6
1282,三层,6
1283,无纺布,6
1284,级别,6
1285,灭菌,6
1286,价位,6
1287,质量,6
1288,教会,6
1289,看人,6
1290,圈里,6
1291,1w,6
1292,起发,6
1293,才产,6
1294,万多,6
1295,产线,6
1296,强烈建议,6
1297,去向,6
1298,输送,6
1299,一罩,6
1300,难求,6
1301,先前,6
1302,反反复复,6
1303,买菜,6
1304,拥有,6
1305,洁净,6
1306,天空,6
1307,员工,6
1308,不带,6
1309,想要,6
1310,酒精,6
1311,一只,6
1312,紧缺,6
1313,写出,6
1314,内心,6
1315,断货,6
1316,人去,6
1317,活命,6
1318,呆坐,6
1319,几号,6
1320,不看,6
1321,浙江,6
1322,辽宁,6
1323,瘟疫,6
1324,诚实,6
1325,人活,6
1326,不累,6
1327,坐等,6
1328,打脸,6
1329,无聊,6
1330,可控,6
1331,判断,6
1332,出奇,6
1333,鬼话,6
1334,尖锐,6
1335,将会,6
1336,刺耳,6
1337,居心叵测,6
1338,赞扬,6
1339,卖力,6
1340,罪行,6
1341,Q1,6
1342,分析师,6
1343,月底,6
1344,三月底,6
1345,预期,6
1346,先知,6
1347,有句,6
1348,顺嘴,6
1349,年青人,6
1350,树立,6
1351,正确,6
1352,导向,6
1353,高薪,6
1354,留给,6
1355,实业界,6
1356,科技界,6
1357,亿为,6
1358,演艺界,6
1359,韩红,6
1360,古天乐,6
1361,公益,6
1362,涌跃,6
1363,军队,6
1364,兴国,6
1365,娱乐,6
1366,茶余饭后,6
1367,消遣,6
1368,炒股,6
1369,买方,6
1370,公司,6
1371,经营,6
1372,一无所知,6
1373,犊子,6
1374,稳中,6
1375,一味,6
1376,马路上,6
1377,固执,6
1378,偏见,6
1379,独挡,6
1380,几家,6
1381,汤水,6
1382,羞愧,6
1383,名堂,6
1384,招数,6
1385,算命先生,6
1386,挺快,6
1387,行不行,6
1388,愚昧,6
1389,尴尬,6
1390,能发,6
1391,字母,6
1392,缓缓,6
1393,谁行,6
1394,中西,6
1395,三种,6
1396,医治,6
1397,病故,6
1398,比值,6
1399,服众,6
1400,相互,6
1401,没意思,6
1402,讲究,6
1403,这时候,6
1404,政治,6
1405,呼吸机,6
1406,完事,6
1407,确认,6
1408,野味,6
1409,命令,6
1410,虐杀,6
1411,报应,6
1412,迟早会,6
1413,蜡烛,6
1414,献一计,6
1415,考研,6
1416,放开,6
1417,考取,6
1418,硕士,6
1419,本科专业,6
1420,保准,6
1421,护理,6
1422,洗白为,6
1423,纷纷,6
1424,跨考,6
1425,医学类,6
1426,军警,6
1427,外卖,6
1428,小哥,6
1429,环保,6
1430,环卫工人,6
1431,守护,6
1432,每座,6
1433,最想,6
1434,众志成城,6
1435,攻克,6
1436,美日,6
1437,蛋白,6
1438,共同完成,6
1439,抽出来,6
1440,经抗,6
1441,离心,6
1442,拿掉,6
1443,血细胞,6
1444,液体,6
1445,含有,6
1446,干着急,6
1447,献血者,6
1448,体外,6
1449,国策,6
1450,智商,6
1451,一刻,6
1452,实事,6
1453,那句,6
1454,口头禅,6
1455,取之于民,6
1456,用之于民,6
1457,制造,6
1458,李文亮,6
1459,搜是,6
1460,别转,6
1461,受不了,6
1462,寒潮,6
1463,大地回春,6
1464,越來,6
1465,着实,6
1466,落实,6
1467,人道主义,6
1468,原则,6
1469,不好意思,6
1470,占用,6
1471,公共资源,6
1472,看热,6
1473,没上去,6
1474,看错,6
1475,28,6
1476,传来,6
1477,完热,6
1478,征集,6
1479,复兴,6
1480,大团结,6
1481,不配,6
1482,对不起,6
1483,凝聚力,6
1484,难不倒,6
1485,这天,6
1486,动听,6
1487,情话,6
1488,智慧,6
1489,工程,6
1490,烧烤,6
1491,烤鸡,6
1492,烤鸭,6
1493,烤羊,6
1494,鸳鸯,6
1495,麻辣火锅,6
1496,串串香,6
1497,炸鸡,6
1498,炸串,6
1499,汉堡,6
1500,麻辣,6
1501,小龙,6
1502,虾油,6
1503,小龙虾,6
1504,热干面,6
1505,福利,6
1506,税收,6
1507,染病,6
1508,经济负担,6
1509,帮忙,6
1510,逼人,6
1511,啥意思,6
1512,就象,6
1513,用新冠,6
1514,急性,6
1515,淋巴,6
1516,白血病,6
1517,二十多天,6
1518,华西,6
1519,弱弱,6
1520,关头,6
1521,救活,6
1522,人命,6
1523,非常感谢,6
1524,配方,6
1525,合成,6
1526,证明,6
1527,反正,6
1528,生物工程,6
1529,接踵而来,6
1530,超赞,6
1531,排斥,6
1532,真实写照,6
1533,遍地,6
1534,哀鸿遍地,6
1535,无非,6
1536,一念救,6
1537,苍生,6
1538,爷爷,6
1539,经典,6
1540,蛇毒,6
1541,不花,6
1542,责任,6
1543,口袋,6
1544,敬畏,6
1545,无日,6
1546,慢疑,6
1547,感应,6
1548,恶化,6
1549,人心,6
1550,要修,6
1551,保育,6
1552,剥夺,6
1553,主宰者,6
1554,自居,6
1555,仁民爱物,6
1556,敬天,6
1557,畏人,6
1558,不断进步,6
1559,攻防,6
1560,敌人,6
1561,收手,6
1562,流浪汉,6
1563,优先,6
1564,存活,6
1565,人日,6
1566,病急乱投医,6
1567,入魔,6
1568,还会,6
1569,环球网,6
1570,删博,6
1571,转危为安,6
1572,超话,6
1573,能救,6
1574,段时间,6
1575,泪崩,6
1576,力所能及,6
1577,帮帮,6
1578,病患者,6
1579,人能,6
1580,定期,6
1581,义务献血,6
1582,快关,6
1583,棒棒,6
1584,里头,6
1585,移植,6
1586,同心同德,6
1587,同仇敌忾,6
1588,互帮互助,6
1589,一同,6
1590,抵御,6
1591,原谅,6
1592,文科生,6
1593,听不懂,6
1594,解释一下,6
1595,首期,6
1596,实验室,6
1597,炎症,6
1598,淋巴细胞,6
1599,血氧,6
1600,饱和度,6
1601,载量,6
1602,渡过难关,6
1603,麻烦,6
1604,生物医学,6
1605,利器,6
1606,听见,6
1607,不攻自破,6
1608,当地政府,6
1609,公信力,6
1610,干扰,6
1611,扭转局面,6
1612,决定性,6
1613,太棒,6
1614,过用,6
1615,反驳,6
1616,成熟,6
1617,总来,6
1618,借口,6
1619,理由,6
1620,有能,6
1621,行且,6
1622,微博牛,6
1623,牛牛,6
1624,激动人心,6
1625,振奋,6
1626,加速,6
1627,半夜,6
1628,享受,6
1629,季节,6
1630,传递,6
1631,求助,6
1632,无望,6
1633,想法,6
1634,预防,6
1635,会快,6
1636,达标,6
1637,双黄,6
1638,莲喝,6
1639,坏人,6
1640,死马当活马医,6
1641,能起,6
1642,博文,6
1643,顺手,6
1644,捏碎,6
1645,一颗,6
1646,睾丸,6
1647,别问,6
1648,火气,6
1649,华兰,6
1650,DNA,6
1651,敲入,6
1652,转基因,6
1653,制作,6
1654,可用,6
1655,献出,6
1656,双臂,6
1657,优势,6
1658,显现,6
1659,安全感,6
1660,饱和,6
1661,基层人员,6
1662,忙不过来,6
1663,有用吗,6
1664,指挥,6
1665,义无反顾,6
1666,地奔,6
1667,危险,6
1668,血肉之躯,6
1669,百姓,6
1670,挡住,6
1671,风华正茂,6
1672,青年,6
1673,嗜血,6
1674,破晓,6
1675,严格把关,6
1676,众人,6
1677,手拉手,6
1678,昨天晚上,6
1679,美国,6
1680,华裔,6
1681,吴军,6
1682,揭秘,6
1683,机理,6
1684,金银花,6
1685,板蓝根,6
1686,预防为主,6
1687,仅供参考,6
1688,突破口,6
1689,晚睡,6
1690,没好,6
1691,总算,6
1692,朋友圈,6
1693,内容,6
1694,更新,6
1695,别靠,6
1696,证书,6
1697,表扬,6
1698,买下,6
1699,莆田,6
1700,会花,6
1701,寄托,6
1702,高尚,6
1703,人性,6
1704,医药,6
1705,领域,6
1706,专家学者,6
1707,无地自容,6
1708,该当何罪,6
1709,一级,6
1710,不靠,6
1711,心里有数,6
1712,节奏,6
1713,恨国,6
1714,马甲,6
1715,没换,6
1716,网友,6
1717,人安,6
1718,心思,6
1719,夜不能寐,6
1720,强横,6
1721,无匹,6
1722,爷先,6
1723,截个,6
1724,小汤山,6
1725,建起,6
1726,期望,6
1727,青山,6
1728,座座,6
1729,巍峨,6
1730,壮心,6
1731,求索,6
1732,起飞,6
1733,口腔科,6
1734,抽血,6
1735,打个,6
1736,预防针,6
1737,提防,6
1738,做成,6
1739,坏事,6
1740,奶思,6
1741,发达,6
1742,扩散,6
1743,开来,6
1744,正确引导,6
1745,合理合法,6
1746,带领,6
1747,宠物,6
1748,下灭活,6
1749,坑狠,6
1750,爱国,6
1751,建设,6
1752,大神,6
1753,讲解,6
1754,表彰,6
1755,物质,6
1756,清晰,6
1757,末日,6
1758,多一些,6
1759,有缘人,6
1760,买进,6
1761,真给力,6
1762,祈求,6
1763,朗朗乾坤,6
1764,正义,6
1765,迟到,6
1766,缺席,6
1767,退伍军人,6
1768,母亲,6
1769,根肋骨,6
1770,亳州,6
1771,包庇,6
1772,维护,6
1773,作假,6
1774,迫害,6
1775,维权,6
1776,无门,6
1777,指定,6
1778,用处,6
1779,怀疑,6
1780,特权,6
1781,资金,6
1782,拉升,6
1783,官宣,6
1784,特大,6
1785,喜讯,6
1786,繁荣富强,6
1787,那一刻,6
1788,指日可待,6
1789,声泪俱下,6
1790,提供,6
1791,给央企,6
1792,千方百计,6
1793,医学界,6
1794,日夜奋战,6
1795,半夜三更,6
1796,发来,6
1797,前天,6
1798,收益,6
1799,正确认识,6
1800,无偿献血,6
1801,失误,6
1802,导致,6
1803,后果,6
1804,后续,6
1805,政策,6
1806,我爱你,6
1807,心存,6
1808,感激,6
1809,别到,6
1810,逼得,6
1811,大病,6
1812,初愈,6
1813,虚弱,6
1814,风险,6
1815,再进,6
1816,过病,6
1817,有点儿,6
1818,优胜劣汰,6
1819,的哥,6
1820,大熊猫,6
1821,刚瞎报,6
1822,那怕,6
1823,调理,6
1824,段子,6
1825,溶于,6
1826,生死之交,6
1827,奖励,6
1828,救者,6
1829,善举,6
1830,接力,6
1831,救助,6
1832,病理,6
1833,性新冠,6
1834,原理,6
1835,投入使用,6
1836,各项措施,6
1837,逐步完善,6
1838,健全,6
1839,团结起来,6
1840,呵护,6
1841,辛劳,6
1842,美丽,6
1843,完备,6
1844,法律,6
1845,问世,6
1846,多天,6
1847,睡不着,6
1848,副作用,6
1849,多来点,6
1850,以此,6
1851,那句话,6
1852,信任,6
1853,未必,6
1854,灭活,6
1855,随便,6
1856,好不容易,6
1857,别一,6
1858,盼望已久,6
1859,严谨,6
1860,真挺,6
1861,gogogo,6
1862,得过,6
1863,当成,6
1864,血馒头,6
1865,抓走,6
1866,抽取,6
1867,属实,6
1868,woc,6
1869,安心,6
1870,救赎,6
1871,金银,6
1872,聚集,6
1873,50,6
1874,生成,6
1875,叫好,6
1876,出入,6
1877,古怪,6
1878,国际,6
1879,大都市,6
1880,文明,6
1881,原始,6
1882,味道,6
1883,产呀,6
1884,多久,6
1885,程度,6
1886,时期,6
1887,钟南山,6
1888,为啥,6
1889,cov,6
1890,减毒疫苗,6
1891,容齐,6
1892,之毒服,6
1893,之毒,6
1894,容乐,6
1895,三月,6
1896,黑夜,6
1897,瑞德,6
1898,西韦,6
1899,时刻,6
1900,无言,6
1901,紧急,6
1902,眼前,6
1903,总会,6
1904,小璐璐,6
1905,一波,6
1906,没想到,6
1907,无用,6
1908,太多,6
1909,都还没,6
1910,憋不住,6
1911,当天,5
1912,供应量,5
1913,走过,5
1914,坎儿,5
1915,依旧,5
1916,美好,5
1917,平静,5
1918,出发,5
1919,别忍,5
1920,语音,5
1921,29,5
1922,愤怒,5
1923,释怀,5
1924,转移,5
1925,注意力,5
1926,想点,5
1927,只会,5
1928,陷进,5
1929,越陷越深,5
1930,无常,5
1931,毅力,5
1932,撑过来,5
1933,无论怎样,5
1934,再苦,5
1935,团聚,5
1936,互不,5
1937,相识,5
1938,分离,5
1939,抗病毒,5
1940,身在其中,5
1941,积极向上,5
1942,很能,5
1943,同感,5
1944,最糟,5
1945,挺过,5
1946,这一关,5
1947,这一劫,5
1948,热情,5
1949,终结,5
1950,阴阳,5
1951,两隔,5
1952,心如刀绞,5
1953,这事摊,5
1954,不好过,5
1955,祝你们,5
1956,遭受,5
1957,负面,5
1958,忘掉,5
1959,磨难,5
1960,好点,5
1961,睡睡,5
1962,营养,5
1963,体力,5
1964,抗争,5
1965,撑住,5
1966,别想,5
1967,央视,5
1968,不高,5
1969,今夜,5
1970,幸运地,5
1971,抱紧,5
1972,远方,5
1973,养好,5
1974,长风破浪,5
1975,直挂,5
1976,云帆济,5
1977,沧海,5
1978,硝烟,5
1979,生命垂危,5
1980,有炸年,5
1981,放炮,5
1982,怕不怕,5
1983,硫磺,5
1984,决策,5
1985,形式主义,5
1986,遭遇,5
1987,上层,5
1988,知足,5
1989,原创,5
1990,标了,5
1991,弟子,5
1992,合家,5
1993,忏悔,5
1994,百度,5
1995,光明,5
1996,堆土,5
1997,滑坡,5
1998,几百人,5
1999,益相龙,5
2000,公司法人,5
2001,害人精,5
2002,出自,5
2003,同一个,5
2004,默默无闻,5
2005,言行不一,5
2006,不怕死,5
2007,考试,5
2008,赞许,5
2009,敬佩,5
2010,经济落后,5
2011,得救,5
2012,正确对待,5
2013,砖家,5
2014,喂猪,5
2015,红十字会,5
2016,机构,5
2017,所作所为,5
2018,沉到,5
2019,谷底,5
2020,看不到,5
2021,姐弟,5
2022,发微博,5
2023,高校,5
2024,学生,5
2025,学校,5
2026,撤掉,5
2027,大人,5
2028,他应,5
2029,yong,5
2030,救疫,5
2031,现代人,5
2032,救星,5
2033,好奇,5
2034,遇见,5
2035,官微,5
2036,回事,5
2037,年轻,5
2038,高福有,5
2039,忘记,5
2040,庇护,5
2041,奸邪,5
2042,小人,5
2043,得逞,5
2044,冤死,5
2045,灵魂,5
2046,免职,5
2047,不足以,5
2048,平民愤,5
2049,便宜,5
2050,官送,5
2051,山和雷,5
2052,义工,5
2053,不安,5
2054,惶恐,5
2055,名义,5
2056,反腐,5
2057,蚊香,5
2058,敬职,5
2059,敬责,5
2060,一小部分,5
2061,公职人员,5
2062,无视,5
2063,群众,5
2064,生命安全,5
2065,车上,5
2066,远远,5
2067,公布,5
2068,遇事,5
2069,社区服务,5
2070,走开,5
2071,高福,5
2072,中科院,5
2073,31,5
2074,日派,5
2075,两步,5
2076,新举措,5
2077,纸老虎,5
2078,团结一心,5
2079,分开,5
2080,哈哈哈哈,5
2081,奋战,5
2082,战士,5
2083,善待,5
2084,铁人,5
2085,共度,5
2086,音乐,5
2087,伤感,5
2088,志愿者,5
2089,无数个,5
2090,无私奉献,5
2091,胡明,5
2092,大爱点,5
2093,可爱,5
2094,卡住,5
2095,好心,5
2096,我要,5
2097,万个,5
2098,身份证,5
2099,医保,5
2100,定点,5
2101,一户,5
2102,每星期,5
2103,一家,5
2104,够用,5
2105,好爽,5
2106,基层,5
2107,口水,5
2108,线上,5
2109,采购,5
2110,没日没夜,5
2111,市场需求,5
2112,涨到,5
2113,记者,5
2114,调查,5
2115,仿造,5
2116,四五块,5
2117,安然,5
2118,即视感,5
2119,发光,5
2120,几次,5
2121,舍不得,5
2122,如何是好,5
2123,5.6,5
2124,块钱,5
2125,月初,5
2126,咋办,5
2127,听说,5
2128,台湾,5
2129,原材料,5
2130,是从,5
2131,大陆,5
2132,很久,5
2133,看不见,5
2134,工艺,5
2135,成本低,5
2136,市面上,5
2137,五块,5
2138,好多钱,5
2139,节约,5
2140,奔跑,5
2141,场面,5
2142,到货,5
2143,不良,5
2144,几角,5
2145,一套,5
2146,运转,5
2147,爽口,5
2148,还购,5
2149,产业,5
2150,寄回,5
2151,运费,5
2152,飞涨,5
2153,亲朋好友,5
2154,只发,5
2155,一批,5
2156,购买,5
2157,40,5
2158,护目镜,5
2159,湿巾,5
2160,再也,5
2161,我整,5
2162,一台,5
2163,封闭式,5
2164,管理,5
2165,外科,5
2166,养活,5
2167,nm,5
2168,这能,5
2169,多快,5
2170,刷刷,5
2171,成品,5
2172,不慢,5
2173,音效,5
2174,麦克风,5
2175,棉花,5
2176,撕开,5
2177,想想看,5
2178,机械化,5
2179,人口,5
2180,红利,5
2181,劳力,5
2182,自动化,5
2183,全开,5
2184,名叫,5
2185,像是,5
2186,无尘,5
2187,矛盾,5
2188,国人,5
2189,离不开,5
2190,戴着,5
2191,诸多不便,5
2192,杀菌,5
2193,印钱,5
2194,滨州,5
2195,两元,5
2196,一包,5
2197,中国式,5
2198,硬纸板,5
2199,这家,5
2200,卫生,5
2201,干净,5
2202,二十,5
2203,三十,5
2204,128,5
2205,先进,5
2206,手中,5
2207,淘宝,5
2208,京东,5
2209,商城,5
2210,防护用品,5
2211,不往,5
2212,老河市,5
2213,全城,5
2214,这台,5
2215,运作,5
2216,出产,5
2217,私人,5
2218,几百个,5
2219,供应,5
2220,哪有卖,5
2221,年初二,5
2222,接到,5
2223,产能,5
2224,140,5
2225,万左右,5
2226,印票机,5
2227,杠精真,5
2228,晓得,5
2229,OK,5
2230,黑心,5
2231,倒卖,5
2232,零售,5
2233,没人管,5
2234,太贵,5
2235,涨涨,5
2236,见识,5
2237,我們,5
2238,存貨,5
2239,點給,5
2240,謝謝,5
2241,電話,5
2242,15859038397,5
2243,前生,5
2244,没到,5
2245,市期,5
2246,急个,5
2247,没全,5
2248,代购,5
2249,卖出,5
2250,天价,5
2251,搞不懂,5
2252,大小,5
2253,加紧,5
2254,第一线,5
2255,爹妈,5
2256,父母,5
2257,微博看,5
2258,别卖,5
2259,添麻烦,5
2260,NB,5
2261,渡过,5
2262,惨痛,5
2263,尽情,5
2264,呼吸,5
2265,满屏,5
2266,冷静,5
2267,反思,5
2268,若干年,5
2269,卷土重来,5
2270,袭击,5
2271,总在,5
2272,经历,5
2273,伤痛,5
2274,感到,5
2275,无论如何,5
2276,倾尽,5
2277,信念,5
2278,死亡率,5
2279,大幅度,5
2280,过年,5
2281,查阅,5
2282,初期,5
2283,减少,5
2284,大好事,5
2285,投其所好,5
2286,啧啧,5
2287,害人,5
2288,奇葩,5
2289,大街,5
2290,梧州,5
2291,几例,5
2292,前不久,5
2293,全省,5
2294,30,5
2295,定点医院,5
2296,双盲实验,5
2297,生病,5
2298,喝中,5
2299,药包,5
2300,投医,5
2301,实践,5
2302,无疑,5
2303,验证码,5
2304,韭菜,5
2305,没卵用,5
2306,安慰剂,5
2307,大言不惭,5
2308,有效率,5
2309,百分之百,5
2310,太早,5
2311,国货,5
2312,两大阵营,5
2313,对决,5
2314,不留,5
2315,主导地位,5
2316,统一,5
2317,理在,5
2318,冲突,5
2319,一例,5
2320,无耻,5
2321,科学决策,5
2322,行政命令,5
2323,神马,5
2324,身为,5
2325,五味杂陈,5
2326,麒麟,5
2327,产了,5
2328,解放,5
2329,鼓舞人心,5
2330,笑谈,5
2331,鬼门关,5
2332,奇遇记,5
2333,定向,5
2334,亲戚,5
2335,营销,5
2336,有点像,5
2337,科幻,5
2338,微博张,5
2339,某芳,5
2340,将功赎罪,5
2341,机会,5
2342,超级,5
2343,先好,5
2344,帮后,5
2345,人帮人,5
2346,云雾,5
2347,守护者,5
2348,鸟类,5
2349,携带,5
2350,小心,5
2351,候鸟,5
2352,迁徙,5
2353,杞人忧天,5
2354,几只,5
2355,蛀虫,5
2356,根基,5
2357,来世,5
2358,还来,5
2359,种花,5
2360,生长,5
2361,这片,5
2362,土地,5
2363,可观,5
2364,合适,5
2365,怀着,5
2366,心去,5
2367,莫名,5
2368,魔掌,5
2369,本是,5
2370,同根,5
2371,患难见真情,5
2372,良心,5
2373,科幻电影,5
2374,故事,5
2375,来个,5
2376,划个,5
2377,党的领导,5
2378,新浪,5
2379,微博请,5
2380,置顶,5
2381,能整,5
2382,研治,5
2383,浙江省,5
2384,温州市,5
2385,永嘉县,5
2386,金溪,5
2387,黄山,5
2388,回应,5
2389,野狗,5
2390,流浪,5
2391,捕杀,5
2392,平衡,5
2393,严查,5
2394,绝不会,5
2395,向上,5
2396,补充,5
2397,正常人,5
2398,听闻,5
2399,虎躯,5
2400,一震,5
2401,别用,5
2402,用灭活,5
2403,消除,5
2404,前途,5
2405,做法,5
2406,浪费,5
2407,钱财,5
2408,飙升,5
2409,死亡线,5
2410,上能,5
2411,空气,5
2412,传给,5
2413,人人为我,5
2414,我为人人,5
2415,聪明,5
2416,就让,5
2417,余华,5
2418,小说,5
2419,主人公,5
2420,富贵,5
2421,有庆,5
2422,不利,5
2423,再接再厉,5
2424,尽其所能,5
2425,静待,5
2426,夺取,5
2427,抗击,5
2428,选修,5
2429,制备,5
2430,灭杀,5
2431,产量,5
2432,咨询,5
2433,指令,5
2434,杀狗,5
2435,毛孩子,5
2436,删评,5
2437,立即行动,5
2438,天然,5
2439,转好,5
2440,消灭,5
2441,丧尸,5
2442,片里,5
2443,常用,5
2444,手法,5
2445,举国欢庆,5
2446,排除,5
2447,决胜,5
2448,反哺,5
2449,各省,5
2450,共享,5
2451,梦见,5
2452,有奖,5
2453,竞猜,5
2454,危难,5
2455,使用量,5
2456,大不大,5
2457,尽快恢复,5
2458,往常,5
2459,以表,5
2460,上学,5
2461,七绝,5
2462,诗词,5
2463,冰心,5
2464,梅花,5
2465,贺芳林,5
2466,伫冰,5
2467,心意,5
2468,未愁,5
2469,始知,5
2470,前头,5
2471,云程,5
2472,红颜,5
2473,飞入,5
2474,国太,5
2475,眼巴巴,5
2476,之臂,5
2477,功劳,5
2478,懂医,5
2479,最棒,5
2480,几日,5
2481,事要,5
2482,成真,5
2483,最效,5
2484,兴奋,5
2485,花钱,5
2486,科幻片,5
2487,天佑,5
2488,中华,5
2489,捷径,5
2490,稀有,5
2491,何干,5
2492,医学会,5
2493,报酬,5
2494,多些,5
2495,越来越近,5
2496,报导,5
2497,地址,5
2498,湖北省人民医院,5
2499,爱心,5
2500,武昌区,5
2501,解放路,5
2502,234,5
2503,睡觉,5
2504,你們,5
2505,好樣,5
2506,上万,5
2507,99.8%,5
2508,欣喜,5
2509,黑死病,5
2510,惨况,5
2511,救三人,5
2512,打人,5
2513,现大爱,5
2514,被动免疫,5
2515,简便,5
2516,尾声,5
2517,天坛生物,5
2518,国药,5
2519,股份,5
2520,乌云,5
2521,指数,5
2522,药剂,5
2523,研发,5
2524,进度,5
2525,95%,5
2526,这真,5
2527,这要,5
2528,捐血,5
2529,武漢,5
2530,司法,5
2531,廳級,5
2532,退休,5
2533,幹部,5
2534,北洋,5
2535,動用關,5
2536,確診,5
2537,就醫,5
2538,全家,5
2539,隔離,5
2540,普通百姓,5
2541,大忙,5
2542,分内,5
2543,互助,5
2544,处罚,5
2545,个进,5
2546,元卖,5
2547,操作,5
2548,免疫治疗,5
2549,多来,5
2550,某种,5
2551,神药,5
2552,生物课,5
2553,没白,5
2554,tm,5
2555,差远了,5
2556,零头,5
2557,个个,5
2558,亿万富翁,5
2559,低调,5
2560,时开,5
2561,十来,5
2562,几万元,5
2563,外科主任,5
2564,黑医,5
2565,张阳德,5
2566,贪腐,5
2567,五十,5
2568,购房,5
2569,百套,5
2570,处决,5
2571,谋财害命,5
2572,挣钱,5
2573,恶医应,5
2574,千刀万剐,5
2575,用过,5
2576,汲取,5
2577,小组会议,5
2578,强化,5
2579,中医药,5
2580,深度,5
2581,诊疗,5
2582,全过程,5
2583,方药,5
2584,中成药,5
2585,加快,5
2586,临床试验,5
2587,抓紧,5
2588,投放,5
2589,提高,5
2590,样本,5
2591,佩服,5
2592,身体健康,5
2593,研究所,5
2594,之手,5
2595,近期,5
2596,胜造七级浮屠,5
2597,团结,5
2598,生龙活虎,5
2599,瞧见,5
2600,回归,5
2601,正轨,5
2602,胳膊,5
2603,顺便,5
2604,渣子,5
2605,药药药,5
2606,生物学,5
2607,学好,5
2608,涌现,5
2609,真强,5
2610,神奇,5
2611,救过来,5
2612,看不懂,5
2613,怒赞,5
2614,要来,5
2615,预备,5
2616,好棒,5
2617,奉献,5
2618,打不倒,5
2619,听懂,5
2620,康康,5
2621,党委政府,5
2622,先富,5
2623,后富,5
2624,切尔诺贝利,5
2625,共同之处,5
2626,深夜,5
2627,牛皮,5
2628,棒呆,5
2629,天呐,5
2630,干得,5
2631,漂亮,5
2632,认证,5
2633,连花清,5
2634,西安,5
2635,乡党,5
2636,谢谢您,5
2637,幸好,5
2638,我妈,5
2639,保住,5
2640,推测,5
2641,内部消息,5
2642,沟通,5
2643,记错,5
2644,网上,5
2645,封村,5
2646,拦不住,5
2647,南大门,5
2648,家乡,5
2649,不易,5
2650,还近,5
2651,一崩,5
2652,采取措施,5
2653,正当,5
2654,领导人,5
2655,晚会,5
2656,抓人,5
2657,鲜明对比,5
2658,微博上,5
2659,眼界,5
2660,援过,5
2661,省委书记,5
2662,尿性,5
2663,去年,5
2664,往来,5
2665,大巴,5
2666,这辈子,5
2667,黑偷,5
2668,遵守,5
2669,公共交通,5
2670,江西,5
2671,回到,5
2672,开封人,5
2673,家离,5
2674,六十公里,5
2675,十几个,5
2676,打电话,5
2677,劲儿,5
2678,就行了,5
2679,我家,5
2680,加倍,5
2681,清肺,5
2682,排毒,5
2683,麻黄,5
2684,甘草,5
2685,杏仁,5
2686,生石膏,5
2687,30g,5
2688,桂枝,5
2689,泽泻,5
2690,猪苓,5
2691,白术,5
2692,茯苓,5
2693,15g,5
2694,柴胡,5
2695,16g,5
2696,黄芩,5
2697,半夏,5
2698,生姜,5
2699,紫菀,5
2700,冬花,5
2701,射干,5
2702,细辛,5
2703,山药,5
2704,12g,5
2705,枳实,5
2706,陈皮,5
2707,藿香,5
2708,劫难,5
2709,浩劫,5
2710,马云,5
2711,依赖,5
2712,他性,5
2713,适合,5
2714,确保安全,5
2715,感谢您,5
2716,统计局,5
2717,老乡,5
2718,有序,4
2719,全世界,4
2720,事已至此,4
2721,勇敢,4
2722,陪伴,4
2723,告白,4
2724,一线希望,4
2725,给你个,4
2726,受难,4
2727,多大,4
2728,国难,4
2729,孤单,4
2730,屏幕,4
2731,心连心,4
2732,提高警惕,4
2733,度度,4
2734,链接,4
2735,亲历者,4
2736,理智,4
2737,向善,4
2738,爱哭,4
2739,克服困难,4
2740,满眼,4
2741,泪水,4
2742,岁月,4
2743,静好,4
2744,负重,4
2745,前行,4
2746,回头,4
2747,硬抗,4
2748,服里,4
2749,水雾,4
2750,收集器,4
2751,衣服,4
2752,脱下来,4
2753,不湿,4
2754,设计,4
2755,美女,4
2756,冯璐璐,4
2757,回好,4
2758,别去了,4
2759,八个,4
2760,缘分,4
2761,凯旋归来,4
2762,出身,4
2763,上下一心,4
2764,力度,4
2765,大有,4
2766,三门峡,4
2767,县里,4
2768,排查,4
2769,例不动,4
2770,外面,4
2771,左邻右舍,4
2772,好惨,4
2773,支书,4
2774,家住,4
2775,对面,4
2776,乡里,4
2777,开会,4
2778,喇叭,4
2779,宣讲,4
2780,半天,4
2781,封路,4
2782,落后,4
2783,野蛮,4
2784,管控,4
2785,好得多,4
2786,严肃,4
2787,更是,4
2788,预警,4
2789,很难说,4
2790,周边,4
2791,半条命,4
2792,我豫点,4
2793,真是太,4
2794,屁大,4
2795,村儿,4
2796,北边,4
2797,路口,4
2798,帐篷,4
2799,有床,4
2800,被子,4
2801,站岗,4
2802,高铁,4
2803,南移,4
2804,交通枢纽,4
2805,不封城,4
2806,区别,4
2807,四处,4
2808,开花,4
2809,自顾不暇,4
2810,惨烈,4
2811,失守,4
2812,全网,4
2813,慌张,4
2814,好心人,4
2815,一说,4
2816,南部,4
2817,封快,4
2818,河南人,4
2819,初一,4
2820,封在,4
2821,闹心,4
2822,屏障,4
2823,村长,4
2824,硬气,4
2825,没见,4
2826,一笔,4
2827,舍得,4
2828,放走,4
2829,枢纽,4
2830,这届,4
2831,美味,4
2832,祸害,4
2833,元凶,4
2834,艰苦,4
2835,学会,4
2836,左手,4
2837,右手,4
2838,买单,4
2839,之下,4
2840,微不足道,4
2841,万籁俱寂,4
2842,安宁,4
2843,兄弟,4
2844,千千万万个,4
2845,好久,4
2846,多月,4
2847,小姑娘,4
2848,GP,4
2849,微博才,4
2850,残酷,4
2851,发病,4
2852,根本无法,4
2853,恐怖,4
2854,去过,4
2855,愉快,4
2856,玩耍,4
2857,取出,4
2858,画得,4
2859,几张,4
2860,草率,4
2861,一开,4
2862,gdp,4
2863,增长,4
2864,收入,4
2865,房地产,4
2866,增加,4
2867,营养品,4
2868,义务,4
2869,家点,4
2870,可比性,4
2871,最起码,4
2872,吃饭,4
2873,血型,4
2874,复产,3
2875,一是,3
2876,是因为,3
2877,病床,3
2878,长时间,3
2879,安排,3
2880,只得,3
2881,共勉,3
2882,放一放,3
2883,没货,3
2884,充实,3
2885,轻症,3
2886,显示,3
2887,十四天,3
2888,勇者,3
2889,再度,3
2890,团员,3
2891,老照片,3
2892,之内,3
2893,应收,3
2894,尽收,3
2895,怜悯,3
2896,超市,3
2897,平时,3
2898,带来,3
2899,烤肉,3
2900,后盾,3
2901,搞不定,3
2902,原因,3
2903,会越,3
2904,十块,3
2905,李克强,2
2906,全力以赴,2
2907,抓好,2
2908,会议,2
2909,保障,2
2910,汇报,2
2911,连续,2
2912,居多,2
2913,盆子,2
2914,泼出去,2
2915,拿出,2
2916,勇气,2
2917,交给,2
2918,医疗队,2
2919,别怕,2
2920,新疆,2
2921,太松,2
2922,菜店,2
2923,送到,2
2924,单元,2
2925,门口,2
2926,下楼,2
2927,但愿如此,2
2928,测个,2
2929,真不知道,2
2930,发自内心,2
2931,有意,2
2932,西部,2
2933,民富,2
2934,潜规则,2
2935,医疗器械,2
2936,吃回扣,2
2937,经费,2
2938,中饱私囊,2
2939,东西部,2
2940,均衡,2
2941,十年,2
2942,回民,2
2943,要账,2
2944,欠账,2
2945,频发,2
2946,工潮,2
2947,哪来,2
2948,神仙下凡,2
2949,终南山,2
2950,千个,2
2951,潜伏期,2
2952,吹牛,2
2953,打草稿,2
2954,好运,2
2955,渡灾,2
2956,之力,2
2957,驰援,2
2958,蚊虫,2
2959,发言人,2
2960,一路平安,2
2961,无力感,2
2962,一声,2
2963,叹息,2
2964,惩罚,2
2965,太快,2
2966,封印,2
2967,焦虑,2
2968,该死,2
2969,变好,2
2970,十几天,2
2971,睡前,2
2972,兴趣,2
2973,缓解,2
2974,靠近,2
2975,江浙沪,2
2976,实话,2
2977,民间,2
2978,广东,2
2979,1.22,2
2980,憋着,2
2981,不乱,2
2982,乱串,2
2983,生存,2
2984,黎明前,2
2985,喘息,2
2986,好怀念,2
2987,大学,2
2988,时光,2
2989,搅和,2
2990,血药,2
2991,一百多年,2
2992,高潮,2
2993,祖宗,2
2994,荣耀,2
2995,量产,2
2996,种痘,2
2997,苍白,2
2998,说声,2
2999,隔空,2
3000,爱护,2
3001,十斤,2
3002,总理,1
3003,主持,1
3004,常务会议,1
3005,听取,1
3006,秩序,1
3007,地区,1
3008,贯彻,1
3009,习近平,1
3010,总书记,1
3011,中央政治局常委会,1
3012,精神,1
3013,领导小组,1
3014,部署,1
3015,联防,1
3016,联控,1
3017,机制,1
3018,切实做好,1
3019,各项,1
3020,推进,1
3021,提升,1
3022,生活必需品,1
3023,市场供应,1
3024,总体,1
3025,充裕,1
3026,煤电,1
3027,油气,1
3028,能源,1
3029,错峰,1
3030,多项,1
3031,节后,1
3032,返程,1
3033,人流,1
3034,预计,1
3035,往年,1
3036,出行,1
3037,高峰,1
3038,熬夜,1
3039,宇宙,1
3040,尽人事,1
3041,知天命,1
3042,雨后,1
3043,终会,1
3044,前途无量,1
3045,今晚,1
3046,应有,1
3047,万望,1
3048,转暖,1
3049,陆续,1
3050,翠绿色,1
3051,幼虫,1
3052,一惊,1
3053,增多,1
3054,病毒传播,1
3055,一大,1
3056,途径,1
3057,无孔不入,1
3058,会为,1
3059,叮咬,1
3060,肢体,1
3061,躯干,1
3062,面部,1
3063,颈部,1
3064,防不胜防,1
3065,及早,1
3066,灭蚊,1
3067,全程,1
3068,照本,1
3069,宣读,1
3070,用心,1
3071,火线,1
3072,查血,1
3073,靓妹,1
3074,图片,1
3075,担心,1
3076,女朋友,1
3077,单身,1
3078,男友,1
3079,抱住,1
3080,大家庭,1
3081,修行,1
3082,旁观,1
3083,眼睁睁,1
3084,挣扎,1
3085,死去,1
3086,尊严,1
3087,身处,1
3088,核心,1
3089,遗留,1
3090,这座,1
3091,伴随,1
3092,消逝,1
3093,同情,1
3094,心静,1
3095,亲爱,1
3096,人所能,1
3097,弱小,1
3098,唯能,1
3099,第一批,1
3100,请战,1
3101,第二批,1
3102,里会,1
3103,认清,1
3104,真相,1
3105,脆弱,1
3106,热爱,1
3107,柳暗花明,1
3108,预料,1
3109,生离死别,1
3110,伤人,1
3111,无法挽回,1
3112,破碎,1
3113,新年快乐,1
3114,平淡,1
3115,痛民,1
3116,18,1
3117,离世,1
3118,见到,1
3119,他会,1
3120,离开,1
3121,老家,1
3122,敲下,1
3123,守住,1
3124,解放军,1
3125,官兵,1
3126,后勤保障,1
3127,岗位,1
3128,同志,1
3129,第一段,1
3130,博主,1
3131,事态,1
3132,劝慰,1
3133,演变成,1
3134,惨剧,1
3135,原本,1
3136,离别,1
3137,此时此刻,1
3138,会亮,1
3139,兄弟姐妹,1
3140,同胞们,1
3141,辽宁沈阳,1
3142,深夜里,1
3143,仔细,1
3144,这段,1
3145,没事,1
3146,子民,1
3147,与你同在,1
3148,感人,1
3149,一体,1
3150,非常少,1
3151,飘安,1
3152,假货,1
3153,心怀,1
3154,水暖,1
3155,乌鲁木齐,1
3156,封闭,1
3157,作家,1
3158,方方,1
3159,印证,1
3160,想象,1
3161,坚定,1
3162,风暴,1
3163,不算,1
3164,21,1
3165,地产,1
3166,刺激,1
3167,稳稳,1
3168,强行,1
3169,看病,1
3170,治一治,1
3171,打打,1
3172,激素,1
3173,面粉,1
3174,用不完,1
3175,想着,1
3176,高筋粉,1
3177,卖完,1
3178,看得见,1
3179,外省,1
3180,不买,1
3181,那有,1
3182,不见,1
3183,晨光,1
3184,暗夜,1
3185,犹如,1
3186,来定,1
3187,日出,1
3188,光芒四射,1
3189,宛如,1
3190,中科大,1
3191,Gilead,1
3192,新药,1
3193,双盲,1
3194,测试,1
3195,桃子,1
3196,发挥,1
3197,巨大作用,1
3198,干什么,1
3199,哈哈哈,1
3200,搞笑,1
3201,一段时间,1
3202,吸血鬼,1
3203,外地人,1
3204,培养基,1
3205,时能,1
3206,无所谓,1
3207,貌似,1
3208,算种,1
3209,肆戎疾,1
3210,烈假,1
3211,不遐,1
3212,喜大普奔,1
